{"cameraMode":{"drawMode":0,"name":"Shaded","section":"Shading Mode"},"sceneLighting":false,"audioPlay":false,"sceneViewState":{"showFog":true,"showMaterialUpdate":false,"showSkybox":false,"showFlares":true,"showImageEffects":true,"showParticleSystems":true},"in2DMode":false,"pivot":{"x":0.0,"y":2.8444628715515138,"z":-4.76837158203125e-7},"rotation":{"x":0.11634998023509979,"y":0.6999114155769348,"z":-0.11718989908695221,"w":0.6948868036270142},"size":3.9969284534454347,"orthographic":true}