{"cameraMode":{"drawMode":0,"name":"Shaded","section":"Shading Mode"},"sceneLighting":false,"audioPlay":false,"sceneViewState":{"showFog":true,"showMaterialUpdate":false,"showSkybox":false,"showFlares":true,"showImageEffects":true,"showParticleSystems":true},"in2DMode":false,"pivot":{"x":-0.0004813671112060547,"y":0.11404481530189514,"z":0.0011404752731323243},"rotation":{"x":0.019930804148316385,"y":0.46378856897354128,"z":-0.010436913929879666,"w":0.8856618404388428},"size":0.20779022574424745,"orthographic":true}