{"cameraMode":{"drawMode":0,"name":"Shaded","section":"Shading Mode"},"sceneLighting":false,"audioPlay":false,"sceneViewState":{"showFog":true,"showMaterialUpdate":false,"showSkybox":false,"showFlares":true,"showImageEffects":true,"showParticleSystems":true},"in2DMode":false,"pivot":{"x":0.0,"y":0.7715575695037842,"z":4.890645980834961},"rotation":{"x":0.22914129495620728,"y":-0.6190229058265686,"z":0.19556362926959992,"w":0.7253090143203735},"size":0.690588116645813,"orthographic":false}