{"cameraMode":{"drawMode":0,"name":"Shaded","section":"Shading Mode"},"sceneLighting":true,"audioPlay":false,"sceneViewState":{"showFog":true,"showMaterialUpdate":false,"showSkybox":true,"showFlares":true,"showImageEffects":true,"showParticleSystems":true},"in2DMode":false,"pivot":{"x":-8.262221336364746,"y":-48.98340606689453,"z":149.6459197998047},"rotation":{"x":0.04926085099577904,"y":0.6979787945747376,"z":-0.04823713004589081,"w":0.7127923369407654},"size":25.216611862182618,"orthographic":true}