{"cameraMode":{"drawMode":0,"name":"Shaded","section":"Shading Mode"},"sceneLighting":true,"audioPlay":false,"sceneViewState":{"showFog":true,"showMaterialUpdate":false,"showSkybox":true,"showFlares":true,"showImageEffects":true,"showParticleSystems":true},"in2DMode":false,"pivot":{"x":1.019887924194336,"y":5.776731491088867,"z":3.9055964946746828},"rotation":{"x":-0.060331255197525027,"y":0.7382286190986633,"z":0.06662057340145111,"w":0.6685366630554199},"size":9.009147644042969,"orthographic":false}