{"cameraMode":{"drawMode":0,"name":"Shaded","section":"Shading Mode"},"sceneLighting":true,"audioPlay":false,"sceneViewState":{"showFog":true,"showMaterialUpdate":false,"showSkybox":true,"showFlares":true,"showImageEffects":true,"showParticleSystems":true},"in2DMode":false,"pivot":{"x":2.973447322845459,"y":0.9776537418365479,"z":-5.786659240722656},"rotation":{"x":-0.004001136869192123,"y":0.9890598058700562,"z":-0.14493250846862794,"w":-0.027307050302624704},"size":5.837329864501953,"orthographic":true}