{"cameraMode":{"drawMode":0,"name":"Shaded","section":"Shading Mode"},"sceneLighting":true,"audioPlay":false,"sceneViewState":{"showFog":true,"showMaterialUpdate":false,"showSkybox":true,"showFlares":true,"showImageEffects":true,"showParticleSystems":true},"in2DMode":false,"pivot":{"x":-3.989107131958008,"y":-15.261859893798829,"z":150.7608184814453},"rotation":{"x":-0.03653544932603836,"y":0.7793731689453125,"z":0.0456455834209919,"w":0.6238297820091248},"size":72.29662322998047,"orthographic":true}