{"cameraMode":{"drawMode":0,"name":"Shaded","section":"Shading Mode"},"sceneLighting":true,"audioPlay":false,"sceneViewState":{"showFog":true,"showMaterialUpdate":false,"showSkybox":true,"showFlares":true,"showImageEffects":true,"showParticleSystems":true},"in2DMode":false,"pivot":{"x":81.52253723144531,"y":0.6303284168243408,"z":60.65781784057617},"rotation":{"x":-0.002326163463294506,"y":0.9905596375465393,"z":-0.1360577493906021,"w":-0.01694299466907978},"size":2.486862897872925,"orthographic":false}