{"cameraMode":{"drawMode":0,"name":"Shaded","section":"Shading Mode"},"sceneLighting":true,"audioPlay":false,"sceneViewState":{"showFog":true,"showMaterialUpdate":false,"showSkybox":true,"showFlares":true,"showImageEffects":true,"showParticleSystems":true},"in2DMode":false,"pivot":{"x":11.204456329345704,"y":-121.17365264892578,"z":299.8988342285156},"rotation":{"x":0.03189108893275261,"y":-0.6792448163032532,"z":0.029564132913947107,"w":0.7326342463493347},"size":13.63215446472168,"orthographic":true}