{"cameraMode":{"drawMode":0,"name":"Shaded","section":"Shading Mode"},"sceneLighting":true,"audioPlay":false,"sceneViewState":{"showFog":true,"showMaterialUpdate":false,"showSkybox":true,"showFlares":true,"showImageEffects":true,"showParticleSystems":true},"in2DMode":false,"pivot":{"x":1.19024658203125,"y":0.22506442666053773,"z":1.5717344284057618},"rotation":{"x":0.12078634649515152,"y":0.17415907979011537,"z":-0.02153080888092518,"w":0.9770470857620239},"size":39.52788162231445,"orthographic":true}