{"cameraMode":{"drawMode":0,"name":"Shaded","section":"Shading Mode"},"sceneLighting":true,"audioPlay":false,"sceneViewState":{"showFog":true,"showMaterialUpdate":false,"showSkybox":true,"showFlares":true,"showImageEffects":true,"showParticleSystems":true},"in2DMode":false,"pivot":{"x":-24.897598266601564,"y":-177.2275848388672,"z":250.6331024169922},"rotation":{"x":0.11571162939071655,"y":-0.08481879532337189,"z":0.009920535609126091,"w":0.9896177053451538},"size":2.9391417503356935,"orthographic":true}