{"cameraMode":{"drawMode":0,"name":"Shaded","section":"Shading Mode"},"sceneLighting":true,"audioPlay":false,"sceneViewState":{"showFog":true,"showMaterialUpdate":false,"showSkybox":true,"showFlares":true,"showImageEffects":true,"showParticleSystems":true},"in2DMode":false,"pivot":{"x":0.0,"y":3.6100001335144045,"z":4.555497646331787},"rotation":{"x":0.040101584047079089,"y":0.7091280817985535,"z":-0.040464144200086597,"w":0.7027745246887207},"size":1.7839524745941163,"orthographic":true}